year,coho_spaw,coho_smol,chin_spaw,chin_smol,discharge
2006,152,2006,59,149661,66.27845435
2007,181,3375,126,325791,53.69990518
2008,205,2769,7,7293,80.78557149
2009,71,1725,13,27896,64.10702956
2010,281,4508,17,50414,98.43554032
2011,245,4407,20,25020,72.51415782
2012,304,4077,90,71947,71.19987428
2013,572,5156,23,47670,89.39984214
2014,196,5940,32,54120,50.10705428